inst_id,text,href,note
asu,From PhD to Career,https://thesanfordschool.asu.edu/people/phd-careers,NA
asu,People,https://thesanfordschool.asu.edu/asu-sociology,NA
asu,Directory,https://thesanfordschool.asu.edu/people/leadership,NA
asu,Faculty,https://thesanfordschool.asu.edu/people/faculty,NA
asu,Affiliated Faculty,https://thesanfordschool.asu.edu/people/affiliated-faculty,NA
asu,Visiting Scholars,https://thesanfordschool.asu.edu/people/visiting-scholars,NA
asu,Postdoctoral Researchers,https://thesanfordschool.asu.edu/people/postdocs,NA
asu,PhD Students,https://thesanfordschool.asu.edu/people/phd-students,NA
indiana,Faculty,https://sociology.indiana.edu/about/faculty/index.html,NA
indiana,Affiliate Faculty,https://sociology.indiana.edu/about/affiliates/index.html,NA
indiana,Emeriti Faculty,https://sociology.indiana.edu/about/emeriti/index.html,NA
indiana,Preparing Future Faculty Program,https://sociology.indiana.edu/graduate/preparing-future-faculty.html,NA
indiana,Preparing Future Faculty Conference,https://sociology.indiana.edu/news-events/pff-conference.html,NA
indiana,Sociology Faculty Books Celebrated,https://sociology.indiana.edu/news-events/news/2025_book_party.html,NA
indiana,Faculty + Staff Intranet,https://sociology.indiana.edu/faculty-staff-intranet/index.html,NA
osu,People,https://sociology.osu.edu/people,NA
osu,Internal Resources,https://sociology.osu.edu/faculty-and-staff-resources,NA
osu,Department Policy and Governance,https://sociology.osu.edu/faculty-and-staff-resources/department-documents,NA
osu,General Administrative Resources,https://sociology.osu.edu/faculty-and-staff-resources/administrative-and-business-services,NA
osu,Fiscal Resources,https://sociology.osu.edu/faculty-and-staff-resources/academic-and-instructional-services,NA
osu,Travel Resources,https://sociology.osu.edu/faculty-and-staff-resources/facilities-security-and-safety,NA
osu,Communications and Marketing Resources,https://sociology.osu.edu/faculty-and-staff-resources/human-resources-policies-and-procedures,NA
osu,Facilities Resources,https://sociology.osu.edu/faculty-and-staff-resources/facilities-resources,NA
psu,NA,NA,"Failed to perform HTTP request.
Caused by error in `curl::curl_fetch_memory()`:
"
purdue,Faculty and Staff Directory,https://www.cla.purdue.edu/directory/index.html,NA
purdue,Faculty Support,https://www.cla.purdue.edu/research/grant-support/index.html,NA
purdue,Directory,https://www.purdue.edu/directory/,NA
purdue,Faculty and Staff,https://www.purdue.edu/purdue/faculty_staff/index.php,NA
purdue,CLA Business Office,https://www.cla.purdue.edu/faculty-staff/business-office/index.html,NA
purdue,Faculty & Staff Resources,https://www.cla.purdue.edu/faculty-staff/index.html,NA
rutgers,Search People,https://search.rutgers.edu/people,NA
rutgers,Faculty,https://sociology.rutgers.edu/people/faculty,NA
rutgers,Staff/Administration,https://sociology.rutgers.edu/people/staff,NA
rutgers,Doctoral Students,https://sociology.rutgers.edu/people/doctoral-students,NA
rutgers,PhDs on the Market,https://sociology.rutgers.edu/people/graduate-students-on-the-market,NA
rutgers,Initial Placements,https://sociology.rutgers.edu/people/recent-placements,NA
rutgers,Alumni,https://sociology.rutgers.edu/people/alumni,NA
rutgers,Faculty Bookshelf,https://sociology.rutgers.edu/research/faculty-bookshelf,NA
stonybrook,Faculty & Staff,https://www.stonybrook.edu/commcms/beconnected/for-faculty-staff.php,NA
stonybrook,A–Z Web Directory,https://www.stonybrook.edu/site-directory/,NA
tamu,Recent Books Published by Sociology Faculty,https://artsci.tamu.edu/sociology/research/books.html,NA
tamu,Leadership,https://artsci.tamu.edu/sociology/people/leadership.html,NA
tamu,Faculty,https://artsci.tamu.edu/sociology/people/faculty.html,NA
tamu,Staff,https://artsci.tamu.edu/sociology/people/staff.html,NA
tamu,"Business, HR, IT",https://artsci.tamu.edu/sociology/people/business.html,NA
tamu,PhD Job Candidates,https://artsci.tamu.edu/sociology/people/phd-job-candidates.html,NA
tamu,Graduate Students,https://artsci.tamu.edu/sociology/people/graduate-students.html,NA
tamu,Affiliated Faculty,https://artsci.tamu.edu/sociology/people/affiliated-faculty.html,NA
buffalo,7/3/24 Faculty,https://arts-sciences.buffalo.edu/sociology-criminology/faculty/faculty-directory.html,NA
buffalo,Faculty Research Areas,https://arts-sciences.buffalo.edu/sociology-criminology/research/research.html,NA
buffalo,8/28/26 Leadership and Administration,https://arts-sciences.buffalo.edu/sociology-criminology/faculty/leadership-administration.html,NA
buffalo,9/9/26 Meet our Graduate Students,https://arts-sciences.buffalo.edu/sociology-criminology/graduate/grad-student-directory.html,NA
ucberkeley,People,https://sociology.berkeley.edu/people/faculty,NA
ucberkeley,Affiliated Faculty,https://sociology.berkeley.edu/people/affiliated-faculty,NA
ucberkeley,Emeritus Faculty,https://sociology.berkeley.edu/people/emeritus-faculty,NA
ucberkeley,Lecturers,https://sociology.berkeley.edu/people/visiting-faculty,NA
ucberkeley,Research Faculty,https://sociology.berkeley.edu/people/research-faculty,NA
ucberkeley,Staff,https://sociology.berkeley.edu/people/staff,NA
ucberkeley,Graduate Students,https://sociology.berkeley.edu/people/graduate-students,NA
ucberkeley,Graduate Students on the Job Market,https://sociology.berkeley.edu/people/graduate-students-on-the-market,NA
ucdavis,NA,NA,status 403
ucirvine,Core Faculty,https://www.sociology.uci.edu/people/faculty.php,NA
ucirvine,Lecturers,https://www.sociology.uci.edu/people/lecturers.php,NA
ucirvine,Affiliated Faculty,https://www.sociology.uci.edu/people/affiliated.php,NA
ucirvine,Emeritus Faculty,https://www.sociology.uci.edu/people/emeritus.php,NA
ucirvine,Affiliated Researchers,https://www.sociology.uci.edu/people/affiliated_researchers.php,NA
ucirvine,Visitors,https://www.sociology.uci.edu/people/visitors.php,NA
ucirvine,Directory,https://www.sociology.uci.edu/people/index.php,NA
ucirvine,People,https://www.sociology.uci.edu/#,NA
ucriverside,People,https://sociology.ucr.edu/,NA
ucriverside,Faculty,https://sociology.ucr.edu/faculty,NA
ucriverside,Faculty Emeriti,https://sociology.ucr.edu/faculty-emeriti,NA
ucsd,People,https://sociology.ucsd.edu/people/index.html,NA
ucsd,Faculty,https://sociology.ucsd.edu/people/faculty/index.html,NA
ucsd,Staff,https://sociology.ucsd.edu/people/staff/index.html,NA
ucsd,Graduate Students,https://sociology.ucsd.edu/people/graduate-students/index.html,NA
ucsd,Alumni,https://sociology.ucsd.edu/people/alumni.html,NA
ucsd,In Memoriam,https://sociology.ucsd.edu/people/memoriam/index.html,NA
ucsd,"November 1, 2024 Camila Alvarez delivered keynote address at California Sociological Association on Nov 1 2024 in Pomona, CA. Professor Alvarez spoke on the topic of environmental justice. Read More",https://sociology.ucsd.edu/announcements/index.html,NA
ucsd,Watch Faculty Videos,https://sociology.ucsd.edu/about/what-is-sociology.html,NA
ucsb,People,https://www.soc.ucsb.edu/people,NA
ucsb,here,https://www.soc.ucsb.edu/people/thomas-scheff#,NA
ucsb,2025 Outstanding Faculty Mentor of Graduate Students Award,https://www.soc.ucsb.edu/news/2025-outstanding-faculty-mentor-graduate-students-award,NA
ucsb,Campus Directory,https://www.ucsb.edu/directory,NA
cuboulder,Faculty,https://www.colorado.edu/faculty,NA
ufl,People,https://soccrim.clas.ufl.edu/directory/,NA
ufl,"Dr. Lauteria Invited to Speak at Flagler College’s COM Week Friday March 7, 2025 The Department of Sociology and Criminology & Law is proud to share that Dr. Evan Lauteria, Assistant Instructional Professor of Sociology, has been invited to give a guest lecture at Flagler College’s COM Week, hosted by the Department of Communication.",https://soccrim.clas.ufl.edu/2025/03/07/lauteria-com-week/,NA
ufl,For Faculty and Staff,https://clas.ufl.edu/for-faculty-and-staff-footer,NA
ufl,For Prospective Faculty,https://clas.ufl.edu/for-prospective-faculty-footer,NA
umd,NA,NA,"Failed to perform HTTP request.
Caused by error in `curl::curl_fetch_memory()`:
"
umich,NA,NA,status 403
mizzou,People,https://sociology.missouri.edu/#,NA
mizzou,Faculty,https://sociology.missouri.edu/people,NA
mizzou,Affiliates,https://sociology.missouri.edu/people/affiliate,NA
mizzou,Emeriti,https://sociology.missouri.edu/people/emeritus,NA
mizzou,Graduate Students,https://sociology.missouri.edu/people/grad,NA
mizzou,In Memoriam,https://sociology.missouri.edu/people/memoriam,NA
mizzou,Staff,https://sociology.missouri.edu/people/staff,NA
uoregon,Directory,https://cas.uoregon.edu/directory/sociology,NA
uoregon,,https://www.economist.com/briefing/2026/06/25/ai-models-values-are-very-different-from-most-peoples,NA
uoregon,Directory,https://cas.uoregon.edu/directory,NA
uoregon,Find People,https://www.uoregon.edu/findpeople?utm_source=banner-module&utm_campaign=banner,NA
pitt,People,https://www.sociology.pitt.edu/people,NA
usf,Faculty & Staff,https://www.usf.edu/about-usf/faculty-staff.aspx,NA
utaustin,Resources,https://liberalarts.utexas.edu/resources-for-faculty-staff/,NA
utaustin,Academic & Faculty Affairs,https://liberalarts.utexas.edu/office-of-the-dean/academic-affairs.html,NA
utaustin,Faculty Affairs,https://liberalarts.utexas.edu/faculty-affairs/,NA
utah,People,https://soc.utah.edu/#,NA
utah,Faculty,https://soc.utah.edu/people/index.php,NA
utah,Graduate Students,https://soc.utah.edu/people/grads.php,NA
utah,Staff,https://soc.utah.edu/people/staff.php,NA
utah,Alumni,https://soc.utah.edu/people/alumni.php,NA
utah,Faculty Recognitions,https://soc.utah.edu/notable.php,NA
utah,Campus Directory,https://people.utah.edu/,NA
uva,NA,NA,"Failed to perform HTTP request.
Caused by error in `curl::curl_fetch_memory()`:
"
wisc,People,https://sociology.wisc.edu/#,NA
wisc,Department of Sociology Faculty,https://sociology.wisc.edu/faculty/,NA
wisc,"Affiliated Faculty, Department of Sociology",https://sociology.wisc.edu/faculty/sociology-affiliated-faculty/,NA
wisc,Emeritus Faculty – Both Sociology and C&E,https://sociology.wisc.edu/faculty/sociology-emeritus-faculty/,NA
brandeis,NA,NA,status 403
cwru,Directory,https://webapps.case.edu/directory/,NA
columbia,NA,NA,status 403
dartmouth,Faculty Research,https://sociology.dartmouth.edu/news-events?news_tag=696,NA
dartmouth,Recent Publications,https://sociology.dartmouth.edu/research/faculty-research/recent-publications,NA
dartmouth,Faculty Research DEI-related,https://sociology.dartmouth.edu/equity/faculty-research-dei-related,NA
dartmouth,People,https://sociology.dartmouth.edu/people,NA
dartmouth,Smriti Upadhyay,https://sociology.dartmouth.edu/people/smriti-upadhyay,NA
dartmouth,Sunmin Kim,https://sociology.dartmouth.edu/people/sunmin-kim,NA
dartmouth,Jason Houle,https://sociology.dartmouth.edu/people/jason-houle,NA
dartmouth,Kimberly B. Rogers,https://sociology.dartmouth.edu/people/kimberly-b-rogers,NA
emory,Graduate Students,https://sociology.emory.edu/people/graduate-students.html,NA
emory,People,https://sociology.emory.edu/#,NA
emory,Administration & Staff,https://sociology.emory.edu/people/administration.html,NA
emory,Faculty,https://sociology.emory.edu/people/index.html,NA
emory,"Associated, Adjunct, and Emeritus Faculty",https://sociology.emory.edu/people/associated-adjunct-emeritus.html,NA
emory,PhD Alumni,https://sociology.emory.edu/people/phd-alumni.html,NA
gwu,Faculty by Research Area,https://sociology.columbian.gwu.edu/research,NA
gwu,People,https://sociology.columbian.gwu.edu/people,NA
gwu,Faculty Office Hours,https://sociology.columbian.gwu.edu/faculty-office-hours,NA
gwu,Core Faculty,https://sociology.columbian.gwu.edu/core-faculty,NA
gwu,Full-Time Affiliated Faculty,https://sociology.columbian.gwu.edu/affiliated-faculty,NA
gwu,Part-Time & Visiting Faculty,https://sociology.columbian.gwu.edu/part-time-visiting-faculty,NA
gwu,Emeriti Faculty,https://sociology.columbian.gwu.edu/emeritus-faculty,NA
harvard,NA,NA,status 403
jhu,NA,NA,status 403
princeton,NA,NA,status 403
rice,Department Faculty,https://sociology.rice.edu/department-faculty,NA
rice,Postdocs and Visiting Faculty,https://sociology.rice.edu/postdocs-and-visiting-faculty,NA
uchicago,People,https://sociology.uchicago.edu/people,NA
uchicago,Department Leadership,https://sociology.uchicago.edu/people/department-leadership,NA
uchicago,Faculty,https://sociology.uchicago.edu/people/faculty,NA
uchicago,Graduate Students,https://sociology.uchicago.edu/people/graduate-students,NA
uchicago,Associate Faculty,https://sociology.uchicago.edu/people/associate-faculty,NA
uchicago,Affiliated Academic Appointees,https://sociology.uchicago.edu/people/affiliated-academic-appointees,NA
uchicago,Instructional Professors,https://sociology.uchicago.edu/people/instructional-professors,NA
uchicago,Emeritus Faculty,https://sociology.uchicago.edu/people/emeritus-faculty,NA
miami,People Search,https://people.miami.edu/index.html,NA
miami,Faculty Support,https://www.as.miami.edu/research/faculty-support/index.html,NA
miami,Faculty and Staff,https://www.as.miami.edu/faculty-and-staff/index.html,NA
miami,A&S Academic Continuity Plan,https://www.as.miami.edu/faculty-and-staff/academic-continuity/index.html,NA
miami,Social Media Directory,https://www.as.miami.edu/news-and-events/social-media-directory/index.html,NA
miami,Faculty Awards and Fellowships,https://www.as.miami.edu/academics/faculty-awards-and-fellowships/index.html,NA
miami,New Faculty,https://www.as.miami.edu/news-and-events/new-faculty/index.html,NA
miami,,https://www.as.miami.edu/faculty-and-staff/faculty-support/index.html,NA
vanderbilt,Faculty,https://as.vanderbilt.edu/resources/faculty/,NA
vanderbilt,Faculty Fellows,https://as.vanderbilt.edu/research/faculty-fellows/,NA
vanderbilt,"Groundbreaking Research Students and faculty collaborate on hands-on research in labs, in the field, and in archives.",https://as.vanderbilt.edu/research/,NA
vanderbilt,Research Centers Solving Real Problems Our faculty and students work together in specialized centers to create solutions for society's biggest issues.,https://as.vanderbilt.edu/research/centers/,NA
vanderbilt,Read More,https://as.vanderbilt.edu/news/2026/02/27/college-of-arts-and-science-faculty-students-explore-the-artistic-power-of-scent/,NA
vanderbilt,NEW FACULTY: New professors share wisdom to future generations,https://news.vanderbilt.edu/2026/10/01/new-faculty-new-professors-share-wisdom-to-future-generations/#new_tab,NA
wustl,Our People,https://sociology.washu.edu/people,NA
wustl,Our People,https://sociology.washu.edu/faculty-staff,NA
wustl,Patrick Ishizuka,https://sociology.washu.edu/people/patrick-ishizuka,NA
wustl,Professor Caitlyn Collins is featured as a WashU Expert on American work-family policy,https://source.washu.edu/2026/09/washu-expert-american-parents-need-comprehensive-work-family-policy/?utm_source=newsletter&utm_medium=email&utm_content=American%20parents%20need%20comprehensive%20work-family%20policy&utm_campaign=Ampersand%20Weekly%209.17.26,NA
yale,Yale Faculty of Arts and Sciences,https://fas.yale.edu,NA
yale,On The Job Market,https://sociology.yale.edu/faculty/on-the-job-market,NA
yale,People,https://sociology.yale.edu/faculty,NA
yale,Affiliated Faculty,https://sociology.yale.edu/faculty/affiliated-emeritus-faculty,NA
yale,Graduate Students,https://sociology.yale.edu/faculty/graduate-students,NA
yale,Academic Affiliates,https://sociology.yale.edu/faculty/academic-affiliates,NA
yale,Staff,https://sociology.yale.edu/faculty/staff,NA
yale,Professor Grace Kao talks BTS Boycott of the Grammys,https://sociology.yale.edu/news/2026-08-07-professor-grace-kao-talks-bts-boycott-of-the-grammys,NA
mcgill,"At home in the ‘land of opportunity’ Master’s student from Scotland came to McGill to work on metal fuels with a world-renowned professor, then co-founded a company with him.",https://reporter.mcgill.ca/canada-is-land-of-opportunity-for-scottish-engineering-grad/,NA
mcgill,Resources and services,https://www.mcgill.ca/resources-services-faculty-staff,NA
