inst_id,n_chars,n_professor_lines,has_sociology,sample,error
asu,10313,60,TRUE,"Center Director and Professor | Jennifer Carlson is a Professor of Sociology at Arizona State University, a MacArthur Fellow (Class of 2022), and a national expert on guns in US society. | Professor | Director of Innovation and Professor",NA
msu,171,0,FALSE,,NA
tamu,6228,34,TRUE,"Associate Professor | Assistant Professor | Professor, Susanne M. and Melbern G. Glasscock '59 Endowed Chair in Arts & Sciences | Professor",NA
ucriverside,895,0,TRUE,,NA
cuboulder,563,0,TRUE,,NA
pitt,771,0,TRUE,,NA
utaustin,14957,81,TRUE,"Associate Professors of Instruction | Assistant Professors of Instruction and Lecturers | Associate Professor, Department of Sociology | Professor, Department of Sociology; Joe R. & Teresa Lozano Long Endowed Professorship #3",NA
wisc,5548,31,TRUE,"Associate Professor of Sociology, Director of Graduate Studies | H.I. Romnes Associate Professor of Sociology, Associate Chair | H.I. Romnes Professor of Sociology | Associate Dean, Graduate School; Sewell-Bascom Professor of Sociology",NA
rice,3758,31,TRUE,"Professor, Sociology | Professor | Distinguished Professor of Sociology | Assistant Professor",NA
utoronto,8055,12,TRUE,"Associate Professor | Full Professor | Associate Professor; Canada Research Chair in Métis Women, Politics, and Community | Associate Professor",NA
