inst_name,sector,entry_year,country,source_url,retrieved
Arizona State University,public,2023,US,https://www.aau.edu/resource-library/aau-member-universities-by-year-of-entry,2026-10-03
Georgia Institute of Technology,public,2010,US,https://www.aau.edu/resource-library/aau-member-universities-by-year-of-entry,2026-10-03
Indiana University,public,1909,US,https://www.aau.edu/resource-library/aau-member-universities-by-year-of-entry,2026-10-03
Michigan State University,public,1964,US,https://www.aau.edu/resource-library/aau-member-universities-by-year-of-entry,2026-10-03
The Ohio State University,public,1916,US,https://www.aau.edu/resource-library/aau-member-universities-by-year-of-entry,2026-10-03
The Pennsylvania State University,public,1958,US,https://www.aau.edu/resource-library/aau-member-universities-by-year-of-entry,2026-10-03
Purdue University,public,1958,US,https://www.aau.edu/resource-library/aau-member-universities-by-year-of-entry,2026-10-03
Rutgers University – New Brunswick,public,1989,US,https://www.aau.edu/resource-library/aau-member-universities-by-year-of-entry,2026-10-03
Stony Brook University – The State University of New York,public,2001,US,https://www.aau.edu/resource-library/aau-member-universities-by-year-of-entry,2026-10-03
Texas A&M University,public,2001,US,https://www.aau.edu/resource-library/aau-member-universities-by-year-of-entry,2026-10-03
The University of Arizona,public,1985,US,https://www.aau.edu/resource-library/aau-member-universities-by-year-of-entry,2026-10-03
University at Buffalo – The State University of New York,public,1989,US,https://www.aau.edu/resource-library/aau-member-universities-by-year-of-entry,2026-10-03
"University of California, Berkeley",public,1900,US,https://www.aau.edu/resource-library/aau-member-universities-by-year-of-entry,2026-10-03
"University of California, Davis",public,1996,US,https://www.aau.edu/resource-library/aau-member-universities-by-year-of-entry,2026-10-03
"University of California, Irvine",public,1996,US,https://www.aau.edu/resource-library/aau-member-universities-by-year-of-entry,2026-10-03
"University of California, Los Angeles",public,1974,US,https://www.aau.edu/resource-library/aau-member-universities-by-year-of-entry,2026-10-03
"University of California, Riverside",public,2023,US,https://www.aau.edu/resource-library/aau-member-universities-by-year-of-entry,2026-10-03
"University of California, San Diego",public,1982,US,https://www.aau.edu/resource-library/aau-member-universities-by-year-of-entry,2026-10-03
"University of California, Santa Barbara",public,1995,US,https://www.aau.edu/resource-library/aau-member-universities-by-year-of-entry,2026-10-03
"University of California, Santa Cruz",public,2019,US,https://www.aau.edu/resource-library/aau-member-universities-by-year-of-entry,2026-10-03
"University of Colorado, Boulder",public,1966,US,https://www.aau.edu/resource-library/aau-member-universities-by-year-of-entry,2026-10-03
University of Florida,public,1985,US,https://www.aau.edu/resource-library/aau-member-universities-by-year-of-entry,2026-10-03
University of Illinois Urbana-Champaign,public,1908,US,https://www.aau.edu/resource-library/aau-member-universities-by-year-of-entry,2026-10-03
The University of Iowa,public,1909,US,https://www.aau.edu/resource-library/aau-member-universities-by-year-of-entry,2026-10-03
The University of Kansas,public,1909,US,https://www.aau.edu/resource-library/aau-member-universities-by-year-of-entry,2026-10-03
University of Maryland at College Park,public,1969,US,https://www.aau.edu/resource-library/aau-member-universities-by-year-of-entry,2026-10-03
University of Michigan,public,1900,US,https://www.aau.edu/resource-library/aau-member-universities-by-year-of-entry,2026-10-03
"University of Minnesota, Twin Cities",public,1908,US,https://www.aau.edu/resource-library/aau-member-universities-by-year-of-entry,2026-10-03
"University of Missouri, Columbia",public,1908,US,https://www.aau.edu/resource-library/aau-member-universities-by-year-of-entry,2026-10-03
The University of North Carolina at Chapel Hill,public,1922,US,https://www.aau.edu/resource-library/aau-member-universities-by-year-of-entry,2026-10-03
University of Oregon,public,1969,US,https://www.aau.edu/resource-library/aau-member-universities-by-year-of-entry,2026-10-03
University of Pittsburgh,public,1974,US,https://www.aau.edu/resource-library/aau-member-universities-by-year-of-entry,2026-10-03
University of South Florida,public,2023,US,https://www.aau.edu/resource-library/aau-member-universities-by-year-of-entry,2026-10-03
The University of Texas at Austin,public,1929,US,https://www.aau.edu/resource-library/aau-member-universities-by-year-of-entry,2026-10-03
The University of Utah,public,2019,US,https://www.aau.edu/resource-library/aau-member-universities-by-year-of-entry,2026-10-03
University of Virginia,public,1904,US,https://www.aau.edu/resource-library/aau-member-universities-by-year-of-entry,2026-10-03
University of Washington,public,1950,US,https://www.aau.edu/resource-library/aau-member-universities-by-year-of-entry,2026-10-03
The University of Wisconsin – Madison,public,1900,US,https://www.aau.edu/resource-library/aau-member-universities-by-year-of-entry,2026-10-03
Boston University,private,2012,US,https://www.aau.edu/resource-library/aau-member-universities-by-year-of-entry,2026-10-03
Brandeis University,private,1985,US,https://www.aau.edu/resource-library/aau-member-universities-by-year-of-entry,2026-10-03
Brown University,private,1933,US,https://www.aau.edu/resource-library/aau-member-universities-by-year-of-entry,2026-10-03
California Institute of Technology,private,1934,US,https://www.aau.edu/resource-library/aau-member-universities-by-year-of-entry,2026-10-03
Carnegie Mellon University,private,1982,US,https://www.aau.edu/resource-library/aau-member-universities-by-year-of-entry,2026-10-03
Case Western Reserve University,private,1969,US,https://www.aau.edu/resource-library/aau-member-universities-by-year-of-entry,2026-10-03
Columbia University,private,1900,US,https://www.aau.edu/resource-library/aau-member-universities-by-year-of-entry,2026-10-03
Cornell University,private,1900,US,https://www.aau.edu/resource-library/aau-member-universities-by-year-of-entry,2026-10-03
Dartmouth,private,2019,US,https://www.aau.edu/resource-library/aau-member-universities-by-year-of-entry,2026-10-03
Duke University,private,1938,US,https://www.aau.edu/resource-library/aau-member-universities-by-year-of-entry,2026-10-03
Emory University,private,1995,US,https://www.aau.edu/resource-library/aau-member-universities-by-year-of-entry,2026-10-03
The George Washington University,private,2023,US,https://www.aau.edu/resource-library/aau-member-universities-by-year-of-entry,2026-10-03
Harvard University,private,1900,US,https://www.aau.edu/resource-library/aau-member-universities-by-year-of-entry,2026-10-03
The Johns Hopkins University,private,1900,US,https://www.aau.edu/resource-library/aau-member-universities-by-year-of-entry,2026-10-03
Massachusetts Institute of Technology,private,1934,US,https://www.aau.edu/resource-library/aau-member-universities-by-year-of-entry,2026-10-03
New York University,private,1950,US,https://www.aau.edu/resource-library/aau-member-universities-by-year-of-entry,2026-10-03
Northwestern University,private,1917,US,https://www.aau.edu/resource-library/aau-member-universities-by-year-of-entry,2026-10-03
Princeton University,private,1900,US,https://www.aau.edu/resource-library/aau-member-universities-by-year-of-entry,2026-10-03
Rice University,private,1985,US,https://www.aau.edu/resource-library/aau-member-universities-by-year-of-entry,2026-10-03
Stanford University,private,1900,US,https://www.aau.edu/resource-library/aau-member-universities-by-year-of-entry,2026-10-03
Tufts University,private,2021,US,https://www.aau.edu/resource-library/aau-member-universities-by-year-of-entry,2026-10-03
Tulane University,private,1958,US,https://www.aau.edu/resource-library/aau-member-universities-by-year-of-entry,2026-10-03
The University of Chicago,private,1900,US,https://www.aau.edu/resource-library/aau-member-universities-by-year-of-entry,2026-10-03
University of Miami,private,2023,US,https://www.aau.edu/resource-library/aau-member-universities-by-year-of-entry,2026-10-03
University of Notre Dame,private,2023,US,https://www.aau.edu/resource-library/aau-member-universities-by-year-of-entry,2026-10-03
University of Pennsylvania,private,1900,US,https://www.aau.edu/resource-library/aau-member-universities-by-year-of-entry,2026-10-03
University of Rochester,private,1941,US,https://www.aau.edu/resource-library/aau-member-universities-by-year-of-entry,2026-10-03
University of Southern California,private,1969,US,https://www.aau.edu/resource-library/aau-member-universities-by-year-of-entry,2026-10-03
Vanderbilt University,private,1950,US,https://www.aau.edu/resource-library/aau-member-universities-by-year-of-entry,2026-10-03
Washington University in St. Louis,private,1923,US,https://www.aau.edu/resource-library/aau-member-universities-by-year-of-entry,2026-10-03
Yale University,private,1900,US,https://www.aau.edu/resource-library/aau-member-universities-by-year-of-entry,2026-10-03
McGill University,canadian,1926,CA,https://www.aau.edu/resource-library/aau-member-universities-by-year-of-entry,2026-10-03
University of Toronto,canadian,1926,CA,https://www.aau.edu/resource-library/aau-member-universities-by-year-of-entry,2026-10-03
